{
  "ext/fragment/Payment.js": 1715573863916,
  "i18n/i18n.properties": 1715513631567,
  "ext/fragment/PoLineitems.js": 1715573900140,
  "manifest.json": 1715747203672,
  "ext/fragment/LineItems.js": 1715573741336,
  "ext/fragment/Attachment.js": 1715573973291,
  "ext/fragment/Addediteminfo.js": 1715573930332,
  "Component.js": 1715513631567,
  "Component-preload.js": 1715747204006,
  "ext/fragment/Payment-dbg.js": 1715573863916,
  "ext/fragment/PoLineitems-dbg.js": 1715573900140,
  "ext/fragment/LineItems-dbg.js": 1715573741336,
  "ext/fragment/Attachment-dbg.js": 1715573973291,
  "ext/fragment/Addediteminfo-dbg.js": 1715573930332,
  "Component-dbg.js": 1715513631567,
  "ext/fragment/PoLineitems.fragment.xml": 1715734208185,
  "ext/fragment/Payment.fragment.xml": 1715577589339,
  "ext/fragment/LineItems.fragment.xml": 1715576416498,
  "ext/fragment/Attachment.fragment.xml": 1715733832758,
  "ext/fragment/Addediteminfo.fragment.xml": 1715576311366,
  "style/style.css": 1715576024775,
  "index.html": 1715513631567
}