{
  "ext/fragment/Comments.fragment.xml": 1716197824538,
  "ext/fragment/Payment.js": 1715752838421,
  "ext/fragment/PoLineitems.js": 1715752838421,
  "manifest.json": 1716959898052,
  "ext/fragment/LineItems.js": 1715752838421,
  "ext/fragment/Comments.js": 1716540753323,
  "ext/fragment/Attachment.js": 1716290738803,
  "ext/fragment/Addediteminfo.js": 1715752838421,
  "ext/controller/Objectpage.controller.js": 1716440418535,
  "ext/controller/Listreportpage.controller.js": 1715756076504,
  "Component.js": 1715752838421,
  "Component-preload.js": 1716959898411,
  "ext/fragment/PoLineitems-dbg.js": 1715752838421,
  "ext/fragment/Payment-dbg.js": 1715752838421,
  "ext/fragment/LineItems-dbg.js": 1715752838421,
  "ext/fragment/Comments-dbg.js": 1716540753323,
  "ext/fragment/Attachment-dbg.js": 1716290738803,
  "ext/fragment/Addediteminfo-dbg.js": 1715752838421,
  "ext/controller/Objectpage-dbg.controller.js": 1716440418535,
  "ext/controller/Listreportpage-dbg.controller.js": 1715756076504,
  "Component-dbg.js": 1715752838421,
  "ext/fragment/PoLineitems.fragment.xml": 1715828690575,
  "ext/fragment/Payment.fragment.xml": 1716185542782,
  "ext/fragment/LineItems.fragment.xml": 1716271849203,
  "i18n/i18n.properties": 1715755533964,
  "ext/fragment/Attachment.fragment.xml": 1715913796272,
  "ext/fragment/Addediteminfo.fragment.xml": 1716377884717,
  "style/style.css": 1716183434195,
  "index.html": 1715752838425
}