{
  "index.html": 1732081905068,
  "ext/fragment/LineItems.js": 1732081905068,
  "ext/fragment/PoLineitems.js": 1732081905068,
  "ext/fragment/Payment.js": 1732081905068,
  "manifest.json": 1732698311430,
  "ext/fragment/Comments.js": 1732081905068,
  "ext/fragment/Attachment.js": 1732081905068,
  "ext/fragment/Addediteminfo.js": 1732081905068,
  "ext/controller/Objectpage.controller.js": 1732081905068,
  "ext/controller/Listreportpage.controller.js": 1732081905068,
  "Component.js": 1732081905068,
  "Component-preload.js": 1732698311797,
  "ext/fragment/LineItems-dbg.js": 1732081905068,
  "ext/fragment/Payment-dbg.js": 1732081905068,
  "ext/fragment/PoLineitems-dbg.js": 1732081905068,
  "ext/fragment/Comments-dbg.js": 1732081905068,
  "ext/fragment/Attachment-dbg.js": 1732081905068,
  "ext/fragment/Addediteminfo-dbg.js": 1732081905068,
  "ext/controller/Objectpage-dbg.controller.js": 1732081905068,
  "ext/controller/Listreportpage-dbg.controller.js": 1732081905068,
  "Component-dbg.js": 1732081905068,
  "ext/fragment/PoLineitems.fragment.xml": 1732081905068,
  "ext/fragment/Payment.fragment.xml": 1732081905068,
  "ext/fragment/LineItems.fragment.xml": 1732081905068,
  "ext/fragment/Comments.fragment.xml": 1732081905068,
  "ext/fragment/Attachment.fragment.xml": 1732081905068,
  "ext/fragment/Addediteminfo.fragment.xml": 1732081905068,
  "style/style.css": 1732081905068,
  "i18n/i18n.properties": 1732081905068
}