{
  "manifest.json": 1716549506327,
  "controller/App.controller.js": 1715752838429,
  "model/models.js": 1715752838429,
  "controller/form.controller.js": 1716532638246,
  "i18n/i18n.properties": 1715755518700,
  "Component.js": 1715752838429,
  "Component-preload.js": 1716549506759,
  "controller/form-dbg.controller.js": 1716532638246,
  "model/models-dbg.js": 1715752838429,
  "controller/App-dbg.controller.js": 1715752838429,
  "Component-dbg.js": 1715752838429,
  "view/form.view.xml": 1716532238829,
  "view/App.view.xml": 1715752838429,
  "css/style.css": 1715913396368,
  "index.html": 1715752838429
}