{
  "view/form.view.xml": 1716804701793,
  "Component.js": 1715752838429,
  "model/models.js": 1715752838429,
  "controller/form.controller.js": 1716958574146,
  "controller/App.controller.js": 1715752838429,
  "manifest.json": 1716959901917,
  "Component-preload.js": 1716959902286,
  "Component-dbg.js": 1715752838429,
  "controller/form-dbg.controller.js": 1716958574146,
  "controller/App-dbg.controller.js": 1715752838429,
  "model/models-dbg.js": 1715752838429,
  "i18n/i18n.properties": 1715755518700,
  "view/App.view.xml": 1716894033455,
  "css/style.css": 1715913396368,
  "index.html": 1715752838429
}