<core:FragmentDefinition xmlns:core="sap.ui.core" xmlns="sap.m" xmlns:macros="sap.fe.macros">
	<!-- <VBox core:require="{ handler: 'preadvanceaplist/ext/fragment/Comments'}" id="comment">
		<Button text="Comments History" press="handler.onPress" />
	</VBox> -->


	<VBox id= "vv" class = "commentvbox" width="100%">
		<HBox id="buttonContainer" alignItems="End" justifyContent="End" width="100%">
			<Button id="rev_comm" class = "commentbtn" core:require="{ handler: 'preadvanceaplist/ext/fragment/Comments'}" text="Comments" press="handler.onPress" icon="sap-icon://comment" />
		</HBox>
		<TextArea  id="ta" rows="8" width="100%" placeholder="Write your comment" editable="false" class="commenthbox" />

	</VBox>
</core:FragmentDefinition>