<!-- <core:FragmentDefinition xmlns:core="sap.ui.core" xmlns="sap.m" xmlns:macros="sap.fe.macros">
	<VBox>
		<Button core:require="{ handler: 'preadvanceaplist/ext/fragment/Payment'}" text="Payment" press="handler.onPress" />
	</VBox>
</core:FragmentDefinition> -->


<core:FragmentDefinition xmlns:core="sap.ui.core" xmlns="sap.m" xmlns:macros="sap.fe.macros">
	<HBox id="_IDGenHBox1">
		
		<VBox  class="form-element">
			<Label id = "advanceno" text="Advance payment number" labelFor="input-a" />
			<Input editable="false" id="input-a" required="true" width="200px" />
		</VBox>
		<VBox  class="form-element">
			<Label id = "advnacedate" text="Advance payment date" labelFor="input-b" />
			<Input editable="false" id="input-b" required="true" width="200px" />
		</VBox>		
		<VBox  class="form-element">
			<Label id = "advancevalue" text="Adavnce payment value -INR" labelFor="input-c" />
			<Input editable="false" id="input-c" required="true" width="200px" />
		</VBox>
	
		<!-- <Button core:require="{ handler: 'advancedpayment/ext/fragment/Payment'}" text="Payment" press="handler.onPress" /> -->
		
	</HBox>
</core:FragmentDefinition>