{
  "controller/form.controller.js": 1715742594833,
  "controller/App.controller.js": 1715513631571,
  "model/models.js": 1715513631571,
  "i18n/i18n.properties": 1715513631571,
  "manifest.json": 1715747208594,
  "Component.js": 1715513631571,
  "Component-preload.js": 1715747209096,
  "Component-dbg.js": 1715513631571,
  "controller/form-dbg.controller.js": 1715742594833,
  "controller/App-dbg.controller.js": 1715513631571,
  "model/models-dbg.js": 1715513631571,
  "view/form.view.xml": 1715663104378,
  "view/App.view.xml": 1715513631571,
  "css/style.css": 1715741582044,
  "index.html": 1715513631571
}