{
  "model/models-dbg.js": 1732081905072,
  "controller/form.controller.js": 1732081905072,
  "model/models.js": 1732081905072,
  "manifest.json": 1732870278122,
  "controller/App.controller.js": 1732081905072,
  "Component.js": 1732081905072,
  "Component-preload.js": 1732870278504,
  "Component-dbg.js": 1732081905072,
  "controller/form-dbg.controller.js": 1732081905072,
  "controller/App-dbg.controller.js": 1732081905072,
  "i18n/i18n.properties": 1732081905072,
  "view/form.view.xml": 1732081905072,
  "view/App.view.xml": 1732081905072,
  "css/style.css": 1732081905072,
  "index.html": 1732081905072
}