{
  "Component-preload.js": 1715320969654,
  "model/models.js": 1715253952147,
  "manifest.json": 1715320969258,
  "controller/form.controller.js": 1715304698860,
  "controller/App.controller.js": 1715253952147,
  "Component.js": 1715253952139,
  "i18n/i18n.properties": 1715253993734,
  "Component-dbg.js": 1715253952139,
  "controller/form-dbg.controller.js": 1715304698860,
  "controller/App-dbg.controller.js": 1715253952147,
  "model/models-dbg.js": 1715253952147,
  "view/form.view.xml": 1715254204377,
  "view/App.view.xml": 1715253952151,
  "css/style.css": 1715304484741,
  "index.html": 1715253952139
}