{
  "Component-dbg.js": 1715245161855,
  "controller/advancesubmitform.controller.js": 1715251394998,
  "model/models.js": 1715245161863,
  "manifest.json": 1715252476947,
  "controller/App.controller.js": 1715245161867,
  "Component.js": 1715245161855,
  "Component-preload.js": 1715252477187,
  "model/models-dbg.js": 1715245161863,
  "controller/advancesubmitform-dbg.controller.js": 1715251394998,
  "controller/App-dbg.controller.js": 1715245161867,
  "i18n/i18n.properties": 1715245177782,
  "view/advancesubmitform.view.xml": 1715248163215,
  "view/App.view.xml": 1715245161871,
  "css/style.css": 1715245161871,
  "index.html": 1715245161859
}